Site_code,Mean_NDVI,WY
EF_NF_American,0.8082000017,2000
Fulda,0.7578999996,2000
S_Fk_Silver,0.4740000069,2000
Onion,0.695299983,2000
Onion_V,0.7915999889,2000
Traverse,0.4929000139,2000
BR_10_headwaters,0.7053999901,2000
BR_22_Steephollow,0.7281000018,2000
Cat,0.7602999806,2000
Cosumnes,0.834800005,2000
Deer_Creek,0.5349000096,2000
Snow_Corral_Creek,0.5142999887,2000
Pittman_Creek,0.4575000107,2000
South_Fork_Tamarack,0.5670999885,2000
McCloud,0.7286999822,2000
Moosehead,0.8176000118,2000
OC_10_Oregon_Creek,0.7055000067,2000
Warner,0.6123999953,2000
Grassy_Swale,0.7016999722,2000
Butte,0.7444000244,2000
Willow_Butte,0.6922000051,2000
Fall,0.757799983,2000
Haypress,0.7565000057,2000
Pauley,0.7925000191,2000
North_Yuba,0.668900013,2000
Middle_Yuba_Foote_Xing,0.7731999755,2000
Rock,0.7616999745,2000
Shady,0.7050999999,2000
DC_10_headwaters,0.8166000247,2000
DC_20_Willow_Valley_Rd,0.7124999762,2000
DC_26_Little_Deer_Creek,0.657400012,2000
DC_40_WWTP,0.7529000044,2000
DC_80_before_LWW,0.5985999703,2000
DC_116_Squirrel_before_Deer,0.5734999776,2000
DC_110_Deer_Creek_Ranch,0.5453000069,2000
EF_NF_American,0.7857000232,2001
Fulda,0.7293999791,2001
S_Fk_Silver,0.4492999911,2001
Onion,0.7174000144,2001
Onion_V,0.8041999936,2001
Traverse,0.5073999763,2001
BR_10_headwaters,0.706799984,2001
BR_22_Steephollow,0.6970000267,2001
Cat,0.7906000018,2001
Cosumnes,0.7840999961,2001
Deer_Creek,0.5041000247,2001
Snow_Corral_Creek,0.5785999894,2001
Pittman_Creek,0.4889000058,2001
South_Fork_Tamarack,0.4745999873,2001
McCloud,0.6963000298,2001
Moosehead,0.8130999804,2001
OC_10_Oregon_Creek,0.7063000202,2001
Warner,0.648999989,2001
Grassy_Swale,0.9401000142,2001
Butte,0.6755999923,2001
Willow_Butte,0.7282000184,2001
Fall,0.7749000192,2001
Haypress,0.7694000006,2001
Pauley,0.8481000066,2001
North_Yuba,0.6345000267,2001
Middle_Yuba_Foote_Xing,0.780099988,2001
Rock,0.8113999963,2001
Shady,0.5343000293,2001
DC_10_headwaters,0.8648999929,2001
DC_20_Willow_Valley_Rd,0.7139999866,2001
DC_26_Little_Deer_Creek,0.6765999794,2001
DC_40_WWTP,0.7778999805,2001
DC_80_before_LWW,0.576399982,2001
DC_116_Squirrel_before_Deer,0.5496000051,2001
DC_110_Deer_Creek_Ranch,0.5598000288,2001
EF_NF_American,0.7674000263,2002
Fulda,0.7389000058,2002
S_Fk_Silver,0.4262999892,2002
Onion,0.7074999809,2002
Onion_V,0.7799999714,2002
Traverse,0.4772999883,2002
BR_10_headwaters,0.7128000259,2002
BR_22_Steephollow,0.5612999797,2002
Cat,0.7601000071,2002
Cosumnes,0.7918000221,2002
Deer_Creek,0.5124999881,2002
Snow_Corral_Creek,0.5691999793,2002
Pittman_Creek,0.4058000147,2002
South_Fork_Tamarack,0.5676000118,2002
McCloud,0.7279999852,2002
Moosehead,0.8519999981,2002
OC_10_Oregon_Creek,0.7301999927,2002
Warner,0.6143000126,2002
Grassy_Swale,0.6664000154,2002
Butte,0.8227000237,2002
Willow_Butte,0.7580000162,2002
Fall,0.7397999763,2002
Haypress,0.7232000232,2002
Pauley,0.8143000007,2002
North_Yuba,0.655099988,2002
Middle_Yuba_Foote_Xing,0.7761999965,2002
Rock,0.7897999883,2002
Shady,0.5900999904,2002
DC_10_headwaters,0.8417000175,2002
DC_20_Willow_Valley_Rd,0.6991000175,2002
DC_26_Little_Deer_Creek,0.6891999841,2002
DC_40_WWTP,0.731400013,2002
DC_80_before_LWW,0.5343000293,2002
DC_116_Squirrel_before_Deer,0.5389999747,2002
DC_110_Deer_Creek_Ranch,0.5406000018,2002
EF_NF_American,0.7961999774,2003
Fulda,0.7628999949,2003
S_Fk_Silver,0.4981000125,2003
Onion,0.7019000053,2003
Onion_V,0.8093000054,2003
Traverse,0.5234000087,2003
BR_10_headwaters,0.7204999924,2003
BR_22_Steephollow,0.6819999814,2003
Cat,0.7538999915,2003
Cosumnes,0.8331999779,2003
Deer_Creek,0.4641000032,2003
Snow_Corral_Creek,0.5034000278,2003
Pittman_Creek,0.4524999857,2003
South_Fork_Tamarack,0.483099997,2003
McCloud,0.6672000289,2003
Moosehead,0.8195000291,2003
OC_10_Oregon_Creek,0.7573999763,2003
Warner,0.5824999809,2003
Grassy_Swale,0.6909000278,2003
Butte,0.7080000043,2003
Willow_Butte,0.7160000205,2003
Fall,0.7572000027,2003
Haypress,0.7365999818,2003
Pauley,0.8515999913,2003
North_Yuba,0.7624999881,2003
Middle_Yuba_Foote_Xing,0.7860000134,2003
Rock,0.8431000113,2003
Shady,0.5566999912,2003
DC_10_headwaters,0.8305000067,2003
DC_20_Willow_Valley_Rd,0.7930999994,2003
DC_26_Little_Deer_Creek,0.7207000256,2003
DC_40_WWTP,0.7544000149,2003
DC_80_before_LWW,0.6414999962,2003
DC_116_Squirrel_before_Deer,0.5985999703,2003
DC_110_Deer_Creek_Ranch,0.5861999989,2003
EF_NF_American,0.7985000014,2004
Fulda,0.7347000241,2004
S_Fk_Silver,0.4356999993,2004
Onion,0.7164000273,2004
Onion_V,0.7853999734,2004
Traverse,0.4697000086,2004
BR_10_headwaters,0.7008000016,2004
BR_22_Steephollow,0.6509000063,2004
Cat,0.7633000016,2004
Cosumnes,0.8108000159,2004
Deer_Creek,0.5274999738,2004
Snow_Corral_Creek,0.606400013,2004
Pittman_Creek,0.4855999947,2004
South_Fork_Tamarack,0.6101999879,2004
McCloud,0.6955999732,2004
Moosehead,0.8547999859,2004
OC_10_Oregon_Creek,0.7271999717,2004
Warner,0.6097000241,2004
Grassy_Swale,0.6837000251,2004
Butte,0.7408999801,2004
Willow_Butte,0.7143999934,2004
Fall,0.7123000026,2004
Haypress,0.7267000079,2004
Pauley,0.8073999882,2004
North_Yuba,0.6672000289,2004
Middle_Yuba_Foote_Xing,0.7717000246,2004
Rock,0.8030999899,2004
Shady,0.7125999928,2004
DC_10_headwaters,0.8219000101,2004
DC_20_Willow_Valley_Rd,0.7511000037,2004
DC_26_Little_Deer_Creek,0.6750000119,2004
DC_40_WWTP,0.7542999983,2004
DC_80_before_LWW,0.5393999815,2004
DC_116_Squirrel_before_Deer,0.5828999877,2004
DC_110_Deer_Creek_Ranch,0.6129000187,2004
EF_NF_American,0.810100019,2005
Fulda,0.7609000206,2005
S_Fk_Silver,0.4609999955,2005
Onion,0.6931999922,2005
Onion_V,0.814800024,2005
Traverse,0.4776000082,2005
BR_10_headwaters,0.7002000213,2005
BR_22_Steephollow,0.7810000181,2005
Cat,0.7426000237,2005
Cosumnes,0.823300004,2005
Deer_Creek,0.5741999745,2005
Snow_Corral_Creek,0.6140999794,2005
Pittman_Creek,0.4819000065,2005
South_Fork_Tamarack,0.611899972,2005
McCloud,0.7166000009,2005
Moosehead,0.8867999911,2005
OC_10_Oregon_Creek,0.7498999834,2005
Warner,0.5861999989,2005
Grassy_Swale,0.6697999835,2005
Butte,0.7462999821,2005
Willow_Butte,0.7703999877,2005
Fall,0.709800005,2005
Haypress,0.7641000152,2005
Pauley,0.8259000182,2005
North_Yuba,0.6254000068,2005
Middle_Yuba_Foote_Xing,0.7487000227,2005
Rock,0.8291000128,2005
Shady,0.5758000016,2005
DC_10_headwaters,0.8212000132,2005
DC_20_Willow_Valley_Rd,0.7559000254,2005
DC_26_Little_Deer_Creek,0.6869000196,2005
DC_40_WWTP,0.7544000149,2005
DC_80_before_LWW,0.6523000002,2005
DC_116_Squirrel_before_Deer,0.5835999846,2005
DC_110_Deer_Creek_Ranch,0.5809000134,2005
EF_NF_American,0.7860000134,2006
Fulda,0.6657000184,2006
S_Fk_Silver,0.4715999961,2006
Onion,0.7164000273,2006
Onion_V,0.779399991,2006
Traverse,0.5151000023,2006
BR_10_headwaters,0.7003999949,2006
BR_22_Steephollow,0.6308000088,2006
Cat,0.7454000115,2006
Cosumnes,0.7822999954,2006
Deer_Creek,0.5483999848,2006
Snow_Corral_Creek,0.6222000122,2006
Pittman_Creek,0.4828000069,2006
South_Fork_Tamarack,0.4379000068,2006
McCloud,0.6768000126,2006
Moosehead,0.8241999745,2006
OC_10_Oregon_Creek,0.7792999744,2006
Warner,0.5533999801,2006
Grassy_Swale,0.7292000055,2006
Butte,0.7282999754,2006
Willow_Butte,0.6547999978,2006
Fall,0.7458999753,2006
Haypress,0.7123000026,2006
Pauley,0.8282999992,2006
North_Yuba,0.619599998,2006
Middle_Yuba_Foote_Xing,0.747600019,2006
Rock,0.8385000229,2006
Shady,0.6557000279,2006
DC_10_headwaters,0.8270000219,2006
DC_20_Willow_Valley_Rd,0.7494000196,2006
DC_26_Little_Deer_Creek,0.6994000077,2006
DC_40_WWTP,0.7483000159,2006
DC_80_before_LWW,0.6553000212,2006
DC_116_Squirrel_before_Deer,0.5667999983,2006
DC_110_Deer_Creek_Ranch,0.5641999841,2006
EF_NF_American,0.7914000154,2007
Fulda,0.747699976,2007
S_Fk_Silver,0.4214999974,2007
Onion,0.7185999751,2007
Onion_V,0.8151000142,2007
Traverse,0.4727999866,2007
BR_10_headwaters,0.7099999785,2007
BR_22_Steephollow,0.7354000211,2007
Cat,0.7601000071,2007
Cosumnes,0.7861999869,2007
Deer_Creek,0.5365999937,2007
Snow_Corral_Creek,0.6065999866,2007
Pittman_Creek,0.4485000074,2007
South_Fork_Tamarack,0.5360999703,2007
McCloud,0.7174999714,2007
Moosehead,0.8391000032,2007
OC_10_Oregon_Creek,0.7570000291,2007
Warner,0.6007999778,2007
Grassy_Swale,0.7210999727,2007
Butte,0.7495999932,2007
Willow_Butte,0.7028999925,2007
Fall,0.7454000115,2007
Haypress,0.7695999742,2007
Pauley,0.8519999981,2007
North_Yuba,0.6866999865,2007
Middle_Yuba_Foote_Xing,0.8003000021,2007
Rock,0.851000011,2007
Shady,0.7506999969,2007
DC_10_headwaters,0.861100018,2007
DC_20_Willow_Valley_Rd,0.804099977,2007
DC_26_Little_Deer_Creek,0.7360000014,2007
DC_40_WWTP,0.7811999917,2007
DC_80_before_LWW,0.605799973,2007
DC_116_Squirrel_before_Deer,0.6144000292,2007
DC_110_Deer_Creek_Ranch,0.5798000097,2007
EF_NF_American,0.8152999878,2008
Fulda,0.7024999857,2008
S_Fk_Silver,0.4555999935,2008
Onion,0.7050999999,2008
Onion_V,0.810199976,2008
Traverse,0.5231999755,2008
BR_10_headwaters,0.7092999816,2008
BR_22_Steephollow,0.7375000119,2008
Cat,0.768599987,2008
Cosumnes,0.7976999879,2008
Deer_Creek,0.5433999896,2008
Snow_Corral_Creek,0.6484000087,2008
Pittman_Creek,0.5465000272,2008
South_Fork_Tamarack,0.5336999893,2008
McCloud,0.7825000286,2008
Moosehead,0.8130999804,2008
OC_10_Oregon_Creek,0.7156999707,2008
Warner,0.6377000213,2008
Grassy_Swale,0.6916999817,2008
Butte,0.7178000212,2008
Willow_Butte,0.6977999806,2008
Fall,0.7559999824,2008
Haypress,0.7655000091,2008
Pauley,0.7872999907,2008
North_Yuba,0.6535000205,2008
Middle_Yuba_Foote_Xing,0.7653999925,2008
Rock,0.8281000257,2008
Shady,0.6315000057,2008
DC_10_headwaters,0.8357999921,2008
DC_20_Willow_Valley_Rd,0.793900013,2008
DC_26_Little_Deer_Creek,0.7166000009,2008
DC_40_WWTP,0.7552000284,2008
DC_80_before_LWW,0.6570000052,2008
DC_116_Squirrel_before_Deer,0.5981000066,2008
DC_110_Deer_Creek_Ranch,0.6108000278,2008
EF_NF_American,0.793299973,2009
Fulda,0.7749000192,2009
S_Fk_Silver,0.4894999862,2009
Onion,0.6974999905,2009
Onion_V,0.8104000092,2009
Traverse,0.4893000126,2009
BR_10_headwaters,0.7153999805,2009
BR_22_Steephollow,0.6668999791,2009
Cat,0.7408000231,2009
Cosumnes,0.8129000068,2009
Deer_Creek,0.5855000019,2009
Snow_Corral_Creek,0.6452000141,2009
Pittman_Creek,0.4762000144,2009
South_Fork_Tamarack,0.5874999762,2009
McCloud,0.7300000191,2009
Moosehead,0.8023999929,2009
OC_10_Oregon_Creek,0.7567999959,2009
Warner,0.5798000097,2009
Grassy_Swale,0.6690000296,2009
Butte,0.736100018,2009
Willow_Butte,0.6901000142,2009
Fall,0.7182999849,2009
Haypress,0.7598000169,2009
Pauley,0.847299993,2009
North_Yuba,0.7178999782,2009
Middle_Yuba_Foote_Xing,0.7911999822,2009
Rock,0.8180000186,2009
Shady,0.6590999961,2009
DC_10_headwaters,0.8421999812,2009
DC_20_Willow_Valley_Rd,0.7245000005,2009
DC_26_Little_Deer_Creek,0.6891000271,2009
DC_40_WWTP,0.7606999874,2009
DC_80_before_LWW,0.6406000257,2009
DC_116_Squirrel_before_Deer,0.6276000142,2009
DC_110_Deer_Creek_Ranch,0.5975999832,2009
EF_NF_American,0.8350999951,2010
Fulda,0.7463999987,2010
S_Fk_Silver,0.4767000079,2010
Onion,0.6877999902,2010
Onion_V,0.8149999976,2010
Traverse,0.4878000021,2010
BR_10_headwaters,0.7475000024,2010
BR_22_Steephollow,0.6775000095,2010
Cat,0.7820000052,2010
Cosumnes,0.8432999849,2010
Deer_Creek,0.5205000043,2010
Snow_Corral_Creek,0.6093000174,2010
Pittman_Creek,0.5,2010
South_Fork_Tamarack,0.6456999779,2010
McCloud,0.74150002,2010
Moosehead,0.8521000147,2010
OC_10_Oregon_Creek,0.7775999904,2010
Warner,0.5947999954,2010
Grassy_Swale,0.6661000252,2010
Butte,0.7396000028,2010
Willow_Butte,0.7110999823,2010
Fall,0.6912000179,2010
Haypress,0.7663999796,2010
Pauley,0.8173999786,2010
North_Yuba,0.6423000097,2010
Middle_Yuba_Foote_Xing,0.7843999863,2010
Rock,0.8420000076,2010
Shady,0.5942999721,2010
DC_10_headwaters,0.8464999795,2010
DC_20_Willow_Valley_Rd,0.7822999954,2010
DC_26_Little_Deer_Creek,0.689800024,2010
DC_40_WWTP,0.7853000164,2010
DC_80_before_LWW,0.6613000035,2010
DC_116_Squirrel_before_Deer,0.6180999875,2010
DC_110_Deer_Creek_Ranch,0.6121000051,2010
EF_NF_American,0.8266000152,2011
Fulda,0.8145999908,2011
S_Fk_Silver,0.5458999872,2011
Onion,0.7400000095,2011
Onion_V,0.8266999722,2011
Traverse,0.5489000082,2011
BR_10_headwaters,0.7666000128,2011
BR_22_Steephollow,0.7192000151,2011
Cat,0.7990999818,2011
Cosumnes,0.8568999767,2011
Deer_Creek,0.4699999988,2011
Snow_Corral_Creek,0.6674000025,2011
Pittman_Creek,0.4855000079,2011
South_Fork_Tamarack,0.5015000105,2011
McCloud,0.7628999949,2011
Moosehead,0.8723999858,2011
OC_10_Oregon_Creek,0.7454000115,2011
Warner,0.6154000163,2011
Grassy_Swale,0.7167999744,2011
Butte,0.7760999799,2011
Willow_Butte,0.7278000116,2011
Fall,0.7597000003,2011
Haypress,0.7624999881,2011
Pauley,0.8313999772,2011
North_Yuba,0.8072000146,2011
Middle_Yuba_Foote_Xing,0.7781999707,2011
Rock,0.867299974,2011
Shady,0.6521000266,2011
DC_10_headwaters,0.8598999977,2011
DC_20_Willow_Valley_Rd,0.7749999762,2011
DC_26_Little_Deer_Creek,0.7135999799,2011
DC_40_WWTP,0.7843999863,2011
DC_80_before_LWW,0.6998000145,2011
DC_116_Squirrel_before_Deer,0.6385999918,2011
DC_110_Deer_Creek_Ranch,0.6291999817,2011
EF_NF_American,0.8059999943,2012
Fulda,0.7506999969,2012
S_Fk_Silver,0.4194999933,2012
Onion,0.6783000231,2012
Onion_V,0.8490999937,2012
Traverse,0.5076000094,2012
BR_10_headwaters,0.7215999961,2012
BR_22_Steephollow,0.7305999994,2012
Cat,0.7893000245,2012
Cosumnes,0.8303999901,2012
Deer_Creek,0.5986999869,2012
Snow_Corral_Creek,0.5976999998,2012
Pittman_Creek,0.4774999917,2012
South_Fork_Tamarack,0.5935000181,2012
McCloud,0.746999979,2012
Moosehead,0.8715000153,2012
OC_10_Oregon_Creek,0.7017999887,2012
Warner,0.6159999967,2012
Grassy_Swale,0.679799974,2012
Butte,0.7425000072,2012
Willow_Butte,0.7030000091,2012
Fall,0.7702999711,2012
Haypress,0.7734000087,2012
Pauley,0.8324999809,2012
North_Yuba,0.7804999948,2012
Middle_Yuba_Foote_Xing,0.7961000204,2012
Rock,0.8578000069,2012
Shady,0.6374999881,2012
DC_10_headwaters,0.8450999856,2012
DC_20_Willow_Valley_Rd,0.7922000289,2012
DC_26_Little_Deer_Creek,0.6883999705,2012
DC_40_WWTP,0.7907999754,2012
DC_80_before_LWW,0.6707000136,2012
DC_116_Squirrel_before_Deer,0.605799973,2012
DC_110_Deer_Creek_Ranch,0.5928000212,2012
EF_NF_American,0.8521999717,2013
Fulda,0.8355000019,2013
S_Fk_Silver,0.4704000056,2013
Onion,0.753099978,2013
Onion_V,0.8266999722,2013
Traverse,0.4740999937,2013
BR_10_headwaters,0.6671000123,2013
BR_22_Steephollow,0.7264000177,2013
Cat,0.8069000244,2013
Cosumnes,0.8123000264,2013
Deer_Creek,0.5807999969,2013
Snow_Corral_Creek,0.59799999,2013
Pittman_Creek,0.476000011,2013
South_Fork_Tamarack,0.5986999869,2013
McCloud,0.7930999994,2013
Moosehead,0.8855999708,2013
OC_10_Oregon_Creek,0.7419000268,2013
Warner,0.6823999882,2013
Grassy_Swale,0.7418000102,2013
Butte,0.8055999875,2013
Willow_Butte,0.7026000023,2013
Fall,0.7592999935,2013
Haypress,0.763899982,2013
Pauley,0.8837000132,2013
North_Yuba,0.7034000158,2013
Middle_Yuba_Foote_Xing,0.7735999823,2013
Rock,0.8565999866,2013
Shady,0.7297999859,2013
DC_10_headwaters,0.8716999888,2013
DC_20_Willow_Valley_Rd,0.7904000282,2013
DC_26_Little_Deer_Creek,0.7350999713,2013
DC_40_WWTP,0.7785999775,2013
DC_80_before_LWW,0.6480000019,2013
DC_116_Squirrel_before_Deer,0.6187000275,2013
DC_110_Deer_Creek_Ranch,0.6359999776,2013
EF_NF_American,0.8550000191,2014
Fulda,0.7827000022,2014
S_Fk_Silver,0.4650999904,2014
Onion,0.7038999796,2014
Onion_V,0.8355000019,2014
Traverse,0.5454000235,2014
BR_10_headwaters,0.6830000281,2014
BR_22_Steephollow,0.7150999904,2014
Cat,0.7680000067,2014
Cosumnes,0.761500001,2014
Deer_Creek,0.6445000172,2014
Snow_Corral_Creek,0.6245999932,2014
Pittman_Creek,0.4713999927,2014
South_Fork_Tamarack,0.6144000292,2014
McCloud,0.715200007,2014
Moosehead,0.8625000119,2014
OC_10_Oregon_Creek,0.7221000195,2014
Warner,0.6399999857,2014
Grassy_Swale,0.6963000298,2014
Butte,0.7766000032,2014
Willow_Butte,0.7141000032,2014
Fall,0.8011000156,2014
Haypress,0.7825000286,2014
Pauley,0.8206999898,2014
North_Yuba,0.7228000164,2014
Middle_Yuba_Foote_Xing,0.7382000089,2014
Rock,0.8896999955,2014
Shady,0.6675999761,2014
DC_10_headwaters,0.8535000086,2014
DC_20_Willow_Valley_Rd,0.7843000293,2014
DC_26_Little_Deer_Creek,0.7286000252,2014
DC_40_WWTP,0.7853999734,2014
DC_80_before_LWW,0.6389999986,2014
DC_116_Squirrel_before_Deer,0.5964000225,2014
DC_110_Deer_Creek_Ranch,0.5832999945,2014
EF_NF_American,0.8051999807,2015
Fulda,0.7167000175,2015
S_Fk_Silver,0.4316999912,2015
Onion,0.7301999927,2015
Onion_V,0.7870000005,2015
Traverse,0.466899991,2015
BR_10_headwaters,0.7014999986,2015
BR_22_Steephollow,0.7131999731,2015
Cat,0.7495999932,2015
Cosumnes,0.7817000151,2015
Deer_Creek,0.5619000196,2015
Snow_Corral_Creek,0.652700007,2015
Pittman_Creek,0.4596000016,2015
South_Fork_Tamarack,0.6097000241,2015
McCloud,0.719900012,2015
Moosehead,0.8513000011,2015
OC_10_Oregon_Creek,0.6825000048,2015
Warner,0.5868999958,2015
Grassy_Swale,0.6639999747,2015
Butte,0.7427999973,2015
Willow_Butte,0.679700017,2015
Fall,0.7814999819,2015
Haypress,0.7616000175,2015
Pauley,0.8255000114,2015
North_Yuba,0.6947000027,2015
Middle_Yuba_Foote_Xing,0.7954000235,2015
Rock,0.8312000036,2015
Shady,0.5745999813,2015
DC_10_headwaters,0.8574000001,2015
DC_20_Willow_Valley_Rd,0.7612000108,2015
DC_26_Little_Deer_Creek,0.6561999917,2015
DC_40_WWTP,0.7871000171,2015
DC_80_before_LWW,0.6559000015,2015
DC_116_Squirrel_before_Deer,0.6011999846,2015
DC_110_Deer_Creek_Ranch,0.6000999808,2015
EF_NF_American,0.8065000176,2016
Fulda,0.7311999798,2016
S_Fk_Silver,0.5042999983,2016
Onion,0.6836000085,2016
Onion_V,0.8141999841,2016
Traverse,0.5249999762,2016
BR_10_headwaters,0.7081999779,2016
BR_22_Steephollow,0.7074999809,2016
Cat,0.7566999793,2016
Cosumnes,0.7670000196,2016
Deer_Creek,0.5361999869,2016
Snow_Corral_Creek,0.6338000298,2016
Pittman_Creek,0.4788999856,2016
South_Fork_Tamarack,0.5792000294,2016
McCloud,0.7148000002,2016
Moosehead,0.8199999928,2016
OC_10_Oregon_Creek,0.7064999938,2016
Warner,0.6067000031,2016
Grassy_Swale,0.6834999919,2016
Butte,0.7461000085,2016
Willow_Butte,0.6832000017,2016
Fall,0.7505999804,2016
Haypress,0.7860999703,2016
Pauley,0.8531000018,2016
North_Yuba,0.7282000184,2016
Middle_Yuba_Foote_Xing,0.7803999782,2016
Rock,0.8428999782,2016
Shady,0.6600999832,2016
DC_10_headwaters,0.8396999836,2016
DC_20_Willow_Valley_Rd,0.7899000049,2016
DC_26_Little_Deer_Creek,0.7019000053,2016
DC_40_WWTP,0.7810999751,2016
DC_80_before_LWW,0.6840000153,2016
DC_116_Squirrel_before_Deer,0.5985000134,2016
DC_110_Deer_Creek_Ranch,0.5989999771,2016
EF_NF_American,0.8095999956,2017
Fulda,0.7526999712,2017
S_Fk_Silver,0.4997000098,2017
Onion,0.7261000276,2017
Onion_V,0.8389000297,2017
Traverse,0.5109000206,2017
BR_10_headwaters,0.7520999908,2017
BR_22_Steephollow,0.7404000163,2017
Cat,0.7899000049,2017
Cosumnes,0.8141999841,2017
Deer_Creek,0.5935999751,2017
Snow_Corral_Creek,0.573300004,2017
Pittman_Creek,0.4250999987,2017
South_Fork_Tamarack,0.6039000154,2017
McCloud,0.6791999936,2017
Moosehead,0.8511999846,2017
OC_10_Oregon_Creek,0.7163000107,2017
Warner,0.5965999961,2017
Grassy_Swale,0.6769999862,2017
Butte,0.7598999739,2017
Willow_Butte,0.7192999721,2017
Fall,0.755400002,2017
Haypress,0.801699996,2017
Pauley,0.8646000028,2017
North_Yuba,0.690599978,2017
Middle_Yuba_Foote_Xing,0.7978000045,2017
Rock,0.8504999876,2017
Shady,0.673699975,2017
DC_10_headwaters,0.8458999991,2017
DC_20_Willow_Valley_Rd,0.768599987,2017
DC_26_Little_Deer_Creek,0.6639999747,2017
DC_40_WWTP,0.7900999784,2017
DC_80_before_LWW,0.6344000101,2017
DC_116_Squirrel_before_Deer,0.6018000245,2017
DC_110_Deer_Creek_Ranch,0.614199996,2017
EF_NF_American,0.8169000149,2018
Fulda,0.7278000116,2018
S_Fk_Silver,0.4242999852,2018
Onion,0.7506999969,2018
Onion_V,0.8026000261,2018
Traverse,0.4801999927,2018
BR_10_headwaters,0.7093999982,2018
BR_22_Steephollow,0.6668000221,2018
Cat,0.7526999712,2018
Cosumnes,0.793299973,2018
Deer_Creek,0.5016999841,2018
Snow_Corral_Creek,0.6205000281,2018
Pittman_Creek,0.3898000121,2018
South_Fork_Tamarack,0.5665000081,2018
McCloud,0.6575000286,2018
Moosehead,0.8264999986,2018
OC_10_Oregon_Creek,0.72299999,2018
Warner,0.5816000104,2018
Grassy_Swale,0.6502000093,2018
Butte,0.7425000072,2018
Willow_Butte,0.6901000142,2018
Fall,0.7215999961,2018
Haypress,0.7451000214,2018
Pauley,0.8349999785,2018
North_Yuba,0.6453999877,2018
Middle_Yuba_Foote_Xing,0.8011000156,2018
Rock,0.8248000145,2018
Shady,0.6977000237,2018
DC_10_headwaters,0.8244000077,2018
DC_20_Willow_Valley_Rd,0.7778000236,2018
DC_26_Little_Deer_Creek,0.6818000078,2018
DC_40_WWTP,0.8041999936,2018
DC_80_before_LWW,0.6413999796,2018
DC_116_Squirrel_before_Deer,0.5960999727,2018
DC_110_Deer_Creek_Ranch,0.5684999824,2018
EF_NF_American,0.8438000083,2019
Fulda,0.7806000113,2019
S_Fk_Silver,0.5748999715,2019
Onion,0.7712000012,2019
Onion_V,0.8248000145,2019
Traverse,0.4691999853,2019
BR_10_headwaters,0.7348999977,2019
BR_22_Steephollow,0.7214999795,2019
Cat,0.7846999764,2019
Cosumnes,0.824000001,2019
Deer_Creek,0.4853000045,2019
Snow_Corral_Creek,0.6528999805,2019
Pittman_Creek,0.4142999947,2019
South_Fork_Tamarack,0.6008999944,2019
McCloud,0.7699999809,2019
Moosehead,0.8826000094,2019
OC_10_Oregon_Creek,0.7659000158,2019
Warner,0.6330000162,2019
Grassy_Swale,0.6603000164,2019
Butte,0.7821999788,2019
Willow_Butte,0.7340000272,2019
Fall,0.817900002,2019
Haypress,0.774699986,2019
Pauley,0.8461999893,2019
North_Yuba,0.8098999858,2019
Middle_Yuba_Foote_Xing,0.7713999748,2019
Rock,0.872600019,2019
Shady,0.7221999764,2019
DC_10_headwaters,0.8567000031,2019
DC_20_Willow_Valley_Rd,0.8259000182,2019
DC_26_Little_Deer_Creek,0.7286999822,2019
DC_40_WWTP,0.8230999708,2019
DC_80_before_LWW,0.733099997,2019
DC_116_Squirrel_before_Deer,0.6728000045,2019
DC_110_Deer_Creek_Ranch,0.6460000277,2019
EF_NF_American,0.8120999932,2020
Fulda,0.7354000211,2020
S_Fk_Silver,0.4546000063,2020
Onion,0.635800004,2020
Onion_V,0.7936000228,2020
Traverse,0.4706999958,2020
BR_10_headwaters,0.7082999945,2020
BR_22_Steephollow,0.7017999887,2020
Cat,0.7710000277,2020
Cosumnes,0.8226000071,2020
Deer_Creek,0.5338000059,2020
Snow_Corral_Creek,0.6225000024,2020
Pittman_Creek,0.3046000004,2020
South_Fork_Tamarack,0.6212000251,2020
McCloud,0.7390999794,2020
Moosehead,0.8381999731,2020
OC_10_Oregon_Creek,0.6908000112,2020
Warner,0.6356999874,2020
Grassy_Swale,0.6786000133,2020
Butte,0.7081000209,2020
Willow_Butte,0.7125999928,2020
Fall,0.8252000213,2020
Haypress,0.7760999799,2020
Pauley,0.8316000104,2020
North_Yuba,0.7035999894,2020
Middle_Yuba_Foote_Xing,0.7720999718,2020
Rock,0.825600028,2020
Shady,0.6333000064,2020
DC_10_headwaters,0.7720000148,2020
DC_20_Willow_Valley_Rd,0.7850000262,2020
DC_26_Little_Deer_Creek,0.7200999856,2020
DC_40_WWTP,0.7713999748,2020
DC_80_before_LWW,0.6094999909,2020
DC_116_Squirrel_before_Deer,0.6128000021,2020
DC_110_Deer_Creek_Ranch,0.5971000195,2020
EF_NF_American,0.7864999771,2021
Fulda,0.7153999805,2021
S_Fk_Silver,0.4453999996,2021
Onion,0.703700006,2021
Onion_V,0.7864999771,2021
Traverse,0.5253999829,2021
BR_10_headwaters,0.7031999826,2021
BR_22_Steephollow,0.7605999708,2021
Cat,0.7297000289,2021
Cosumnes,0.7639999986,2021
Deer_Creek,0.550999999,2021
Snow_Corral_Creek,0.5809999704,2021
Pittman_Creek,0.3082999885,2021
South_Fork_Tamarack,0.5116000175,2021
McCloud,0.7376999855,2021
Moosehead,0.8619999886,2021
OC_10_Oregon_Creek,0.695299983,2021
Warner,0.3106999993,2021
Grassy_Swale,0.4964999855,2021
Butte,0.6955999732,2021
Willow_Butte,0.6654000282,2021
Fall,0.7634000182,2021
Haypress,0.7868999839,2021
Pauley,0.8141000271,2021
North_Yuba,0.7092999816,2021
Middle_Yuba_Foote_Xing,0.7919999957,2021
Rock,0.8316000104,2021
Shady,0.6395000219,2021
DC_10_headwaters,0.8381999731,2021
DC_20_Willow_Valley_Rd,0.7910000086,2021
DC_26_Little_Deer_Creek,0.7095999718,2021
DC_40_WWTP,0.7899000049,2021
DC_80_before_LWW,0.6356999874,2021
DC_116_Squirrel_before_Deer,0.6369000077,2021
DC_110_Deer_Creek_Ranch,0.6374999881,2021
EF_NF_American,0.7987999916,2022
Fulda,0.747600019,2022
S_Fk_Silver,0.4988999963,2022
Onion,0.7340000272,2022
Onion_V,0.8361999989,2022
Traverse,0.4404000044,2022
BR_10_headwaters,0.7340999842,2022
BR_22_Steephollow,0.7681000233,2022
Cat,0.7537999749,2022
Cosumnes,0.831099987,2022
Deer_Creek,0.5243999958,2022
Snow_Corral_Creek,0.6559000015,2022
Pittman_Creek,0.3156000078,2022
South_Fork_Tamarack,0.6065999866,2022
McCloud,0.7416999936,2022
Moosehead,0.858799994,2022
OC_10_Oregon_Creek,0.7174000144,2022
Warner,0.2935000062,2022
Grassy_Swale,0.4959000051,2022
Butte,0.7325999737,2022
Willow_Butte,0.7311999798,2022
Fall,0.7745000124,2022
Haypress,0.7883999944,2022
Pauley,0.8410999775,2022
North_Yuba,0.7170000076,2022
Middle_Yuba_Foote_Xing,0.7652000189,2022
Rock,0.8324999809,2022
Shady,0.6762999892,2022
DC_10_headwaters,0.8057000041,2022
DC_20_Willow_Valley_Rd,0.7675999999,2022
DC_26_Little_Deer_Creek,0.6836000085,2022
DC_40_WWTP,0.7868999839,2022
DC_80_before_LWW,0.6571000218,2022
DC_116_Squirrel_before_Deer,0.5855000019,2022
DC_110_Deer_Creek_Ranch,0.6177999973,2022
EF_NF_American,0.8238999844,2023
Fulda,0.793299973,2023
S_Fk_Silver,0.5256000161,2023
Onion,0.7480999827,2023
Onion_V,0.8223999739,2023
Traverse,0.5034000278,2023
BR_10_headwaters,0.7541000247,2023
BR_22_Steephollow,0.7153999805,2023
Cat,0.7459999919,2023
Cosumnes,0.837199986,2023
Deer_Creek,0.6328999996,2023
Snow_Corral_Creek,0.6547999978,2023
Pittman_Creek,0.3759999871,2023
South_Fork_Tamarack,0.6432999969,2023
McCloud,0.7433999777,2023
Moosehead,0.8485000134,2023
OC_10_Oregon_Creek,0.7502999902,2023
Warner,0.2991000116,2023
Grassy_Swale,0.3722000122,2023
Butte,0.739199996,2023
Willow_Butte,0.7315000296,2023
Fall,0.7749999762,2023
Haypress,0.8018000126,2023
Pauley,0.8593999743,2023
North_Yuba,0.7221000195,2023
Middle_Yuba_Foote_Xing,0.8001000285,2023
Rock,0.8590000272,2023
Shady,0.6647999883,2023
DC_10_headwaters,0.8360999823,2023
DC_20_Willow_Valley_Rd,0.8079000115,2023
DC_26_Little_Deer_Creek,0.6725000143,2023
DC_40_WWTP,0.7911999822,2023
DC_80_before_LWW,0.6737999916,2023
DC_116_Squirrel_before_Deer,0.6632000208,2023
DC_110_Deer_Creek_Ranch,0.6359000206,2023
EF_NF_American,0.8136000037,2024
Fulda,0.7591999769,2024
S_Fk_Silver,0.4833999872,2024
Onion,0.7304000258,2024
Onion_V,0.7914999723,2024
Traverse,0.4774999917,2024
BR_10_headwaters,0.7156999707,2024
BR_22_Steephollow,0.7487999797,2024
Cat,0.7498000264,2024
Cosumnes,0.810199976,2024
Deer_Creek,0.5618000031,2024
Snow_Corral_Creek,0.6320000291,2024
Pittman_Creek,0.3477999866,2024
South_Fork_Tamarack,0.5576000214,2024
McCloud,0.7610999942,2024
Moosehead,0.8731999993,2024
OC_10_Oregon_Creek,0.7166000009,2024
Warner,0.3454000056,2024
Grassy_Swale,0.3750999868,2024
Butte,0.7134000063,2024
Willow_Butte,0.706700027,2024
Fall,0.8086000085,2024
Haypress,0.8391000032,2024
Pauley,0.8876000047,2024
North_Yuba,0.7515000105,2024
Middle_Yuba_Foote_Xing,0.8432999849,2024
Rock,0.850399971,2024
Shady,0.6326000094,2024
DC_10_headwaters,0.8518000245,2024
DC_20_Willow_Valley_Rd,0.8424999714,2024
DC_26_Little_Deer_Creek,0.7275999784,2024
DC_40_WWTP,0.7807999849,2024
DC_80_before_LWW,0.6692000031,2024
DC_116_Squirrel_before_Deer,0.5978000164,2024
DC_110_Deer_Creek_Ranch,0.5550000072,2024